path,sha256,bytes
README.md,9aff49270192f2c88d39ce2cced4a93cb1c99c6f6728d47f2cc751b85e1c278b,1602
VALIDATION_REPORT.md,9beede90fdded56ebdd5f50ecd3dd350f5a54b9b17a9934d7a953ea569b3bd20,3118
IMPLEMENTATION_SCORECARD.md,7ed574b36fa46b6635d39423ab35950358028ce722209b543fcd71107d26ef72,331
PROMOTION_GATE_REPORT.md,5ddfe02b616330213324024fb30797519beb41da5eb4ba3afda2581ff66b4b50,231
installer/RUN_F1_AUTOREPAIR_SOURCE_STATUS_ALIAS_REPORT_ECHO_FIX_WINDOWS.bat,f3094aba5ac5be77e864242c3e2aa4313f8a1bb086182a92c6bf15df40f25c88,858
validation/local_validation_result.json,c44d916e20f4cb921c635d7340b24cf0d6579d1d7cd335ae40aa3325b00da92d,2481
payload/configs/autorepair/repair_catalog_v1.json,36633b245be553ead423f41e7f05000b236fb86e3d796362b6cb7b1fb9baee71,2248
payload/.github/workflows/f1-autorepair-run-now-button-v1.yml,bf0cca1872afa79d110455c9e980359af1add08948871eef2ccd112c74abe8e1,3345
payload/scripts/workbook_kpi_refresh/apply_workbook_kpi_refresh_v1.py,b877093aa32d0a5582be06673c5038efacf9b59a53d0aaf3f7b229f95020c9ff,24444
payload/scripts/autorepair/f1_autorepair_orchestrator_v1.py,c2c00835d6531d94fde367097862b94796373a109311c1b79d655da4874bade6,18759
