path,size_bytes,sha256
F1_1A_NoCode_Automation_Commit_Ignore_Fix_2026-06-12.md,1411,4f7860292c1c991c23dc349bb4315d7bba81f8c59461f5596f26701217d37d5b
README.md,274,bba14e422895efde7618458828fc72d269c48814dcf406b40f6cc26ddbc25800
installer/Install-F1-NoCode-Automation-Commit-Ignore-Fix.ps1,1765,bb2c510ae900add2ef43ca5811cc9721576a614710ae5951c3daaf4037da311b
installer/RUN_F1_NO_CODE_AUTOMATION_COMMIT_IGNORE_FIX_WINDOWS.bat,256,277b56b580472db86d144b3788a65110c8af7a33f19b2340d645cce300d258d7
payload/.github/workflows/f1-automated-forecast-gate-orchestrator-v1.yml,5584,d2bf1916e10b175211d6f39e27d6be4b68fccc9208d58f0d31670bed49087121
payload/.github/workflows/f1-forecast-automation-run-now-button-v1.yml,3470,b3ce2069142d76d1ab841b54f446dc053ad024091d33b952b76997009ea1017f
payload/.github/workflows/f1-forecast-automation-safe-test-button-v1.yml,1578,50c013372fa2637420ab6ffe735d9ce148c96eb544754c30a1438dc678fc3e4d
payload/docs/F1_NO_CODE_AUTOMATION_COMMIT_IGNORE_FIX_2026-06-12.md,1411,4f7860292c1c991c23dc349bb4315d7bba81f8c59461f5596f26701217d37d5b
payload/docs/F1_NO_CODE_AUTOMATION_DEPENDENCY_GUARD_FIX_2026-06-12.md,2003,c86657b37e21acb98e07d7b71cb75849ec935d3edd5db3decf50431166083e6d
payload/scripts/forecast_bundles/orchestrate_forecast_gate_pipeline_v1.py,17033,e6791ac0b0910d2ffd88a3bbda5040bc389e1533916eda01ca81514881ebcaea
reports/F1_1A_NoCode_Automation_Commit_Ignore_Fix_2026-06-12.md,1411,4f7860292c1c991c23dc349bb4315d7bba81f8c59461f5596f26701217d37d5b
